,Expected Cost,Predicted Cost
0,23521.0,9335.931875890137
1,18400.0,11815.71533714873
2,12544.0,10366.12079266168
3,22580.0,7198.078036229427
4,22843.0,13125.33716539251
5,40471.0,13414.439013473297
6,4077.0,30941.44202766829
7,36110.0,26893.87538624493
8,36065.0,20982.95665082018
9,1411.0,1024.1411164316319
10,21326.0,15363.884542180313
11,15367.0,5258.02277027413
12,18189.0,17560.506435495285
13,62722.0,27345.555550919365
14,17939.0,4762.26879651071
15,6429.0,3949.7138337093083
16,24148.0,18963.640318021597
17,22433.0,13562.810451281493
18,16621.0,7791.337157336946
19,30931.0,27034.474582510684
20,16308.0,616.7911069906111
21,1411.0,1405.3384157063642
22,8500.0,12216.517805698353
23,12544.0,9090.849918797712
24,7527.0,2131.228223418115
25,12281.0,5428.171625447392
26,45633.0,32502.093940629275
27,54932.0,30361.731807524964
28,26657.0,18126.72434927445
29,26255.0,8842.289351023372
30,34406.0,10491.443776269529
31,6429.0,3283.4002360837367
32,12858.0,7373.483192028467
33,16621.0,12488.945158521263
34,3293.0,2665.421814554702
35,2430.0,2269.189819157763
36,10349.0,1266.5552189512907
37,18826.0,4692.775257558352
38,3607.0,-3025.087006747759
39,2901.0,2185.0860445875396
40,25716.0,1959.5231709066168
41,13485.0,13418.751093836308
42,5018.0,3850.902836657241
43,14294.0,3376.3373526974146
44,23734.0,12280.009084755298
45,1411.0,1024.1411164316319
46,2901.0,8881.8406390893
47,35927.0,10920.172377003888
48,2195.0,1614.5885185821353
49,15367.0,7113.051171825181
50,54568.0,-3988.6827669267695
51,22269.0,10555.496915722484
52,14269.0,11628.44318658685
53,16778.0,11914.183666490435
54,20526.0,17356.22459291961
55,46728.0,16644.96269699045
56,1646.0,21012.967657910278
57,59865.0,54969.388502268914
58,34635.0,59430.675047648874
59,16900.0,9342.378460837695
60,20297.0,6033.925419931161
61,29793.0,22724.31102426345
62,13956.0,10210.398643476718
63,12544.0,1499.2818800805583
64,2901.0,2359.374385677538
65,16621.0,11778.333939974076
66,20266.0,9058.44828457095
67,11604.0,889.46681172316
68,12544.0,11600.12596654952
69,16465.0,18856.73851722833
70,13184.0,9737.564091383763
71,10976.0,6593.638156188464
72,12701.0,2663.7637119995497
73,23207.0,13830.88535688147
74,40390.0,8366.003752839948
75,6272.0,7334.64958633455
76,4077.0,7173.878680868198
77,14426.0,911.0824194566868
78,25716.0,18562.238992205075
79,34572.0,25813.985308513988
80,3920.0,2630.0908157936965
81,3136.0,1802.572854939799
82,12231.0,8529.085462891624
83,12544.0,3588.5217598408435
84,3450.0,21220.006428849567
85,37580.0,16651.923864130287
86,27654.0,13742.133488671758
87,21790.0,32882.25039299421
88,21953.0,18977.889545099268
89,20385.0,11448.314322343449
90,7213.0,6154.702942062363
91,15681.0,-83.88604877774372
92,14113.0,11788.968315688398
93,16618.0,13275.188729242864
94,20171.0,9561.92595803988
95,13485.0,18079.953576419175
96,28225.0,36140.75081831807
97,12858.0,12684.420615096064
98,9565.0,5390.315302833439
99,17876.0,15970.836907090148
100,43868.0,11171.415607759673
101,5645.0,1146.9125164658592
102,25264.0,4848.80095177933
103,20266.0,9527.169364389825
104,22649.0,7735.459316978487
105,18503.0,8237.444711589553
106,6144.0,4543.723807396278
107,35902.0,15392.633798527373
108,4180.0,1080.3556391078391
109,31361.0,15176.767419064672
110,9418.0,2375.0595409654434
111,7213.0,1767.5169687513103
112,29793.0,11828.395885952465
113,16935.0,3390.944147713648
114,29479.0,19738.471026656418
115,26657.0,634.2750494073682
116,5645.0,1495.1586078587254
117,54346.0,36228.46329592301
118,9565.0,-3665.869759770565
119,13564.0,3488.4809602832684
120,41281.0,8878.862103194322
121,42692.0,33775.668041242934
122,8500.0,7887.8609301995
123,51454.0,9946.329658801975
124,6523.0,6011.343729385165
125,46919.0,18195.712956284708
126,72130.0,70522.85766637127
127,9252.0,1133.9799044651306
128,2509.0,3984.2618975589576
129,25810.0,5398.703278051796
130,13799.0,875.4811171221135
131,36564.0,11011.067859765233
132,14834.0,7537.0004880056595
133,13172.0,4204.141699502683
134,15624.0,3426.9875463354747
135,9408.0,9391.875625696082
136,23521.0,14557.918420444232
137,25716.0,14268.819984220721
138,40769.0,9402.288467568706
139,30800.0,14964.399802176275
140,20266.0,10520.249774294654
141,23521.0,14540.994937631154
142,10663.0,5112.548560973278
143,1333.0,2024.4879011735673
144,11447.0,9507.346005461639
145,49058.0,29926.157381592722
146,31581.0,13207.693601881205
147,1646.0,2843.914093578488
148,11133.0,3227.5012751416434
149,28539.0,21373.004356878453
150,11917.0,10848.832762262833
151,7464.0,7687.172083496642
152,17249.0,9641.453847854202
153,12858.0,10017.484966961103
154,15681.0,7843.113937339215
155,12143.0,1339.7732955939393
156,49864.0,45562.55118426966
157,11290.0,288.38228944490606
158,9722.0,2421.091587133171
159,42987.0,26950.761576433386
160,13799.0,12368.155167615168
161,24029.0,6183.132263692477
162,15681.0,11799.610815544891
163,14113.0,14339.499438977917
164,19416.0,10547.782628948175
165,45044.0,24403.506731134275
166,31361.0,14785.47587983532
167,14009.0,10183.45295389829
168,15053.0,11205.271072512136
169,16621.0,14470.572138865013
170,39615.0,18663.107499005917
171,11900.0,7560.522631639761
172,14269.0,14675.606937066279
173,16000.0,27568.047567085112
174,12858.0,3699.450157701899
175,12544.0,11762.464270070792
176,5488.0,9934.175059551315
177,2430.0,2525.996742031578
178,21953.0,13555.944333078707
179,40889.0,34129.25590953874
180,41578.0,21068.007636542545
181,67981.0,67363.69034557002
182,12858.0,10332.197901928099
183,27598.0,24199.675452468633
184,1098.0,1725.9063875939821
185,3450.0,252.74073831902496
186,45445.0,20993.79229796829
187,9565.0,-3665.869759770565
188,11290.0,7155.085700929702
189,39201.0,24172.577081979707
190,2430.0,2256.1193149591963
191,27946.0,8937.396124321658
192,2117.0,3290.1620751250202
193,37000.0,9803.334290487786
194,3763.0,2956.234622972236
195,48697.0,12212.47153783917
196,81539.0,34715.69133820998
197,1725.0,2065.395377046735
198,35344.0,15854.001397835113
199,9722.0,10071.16743366819
200,10381.0,7038.028510301104
201,30712.0,28530.887553776272
202,4704.0,6386.2801842212275
203,14113.0,14404.779298453708
204,20846.0,4541.588953328673
205,49864.0,25634.562295993535
206,2509.0,8871.647864712868
207,1725.0,3392.9385682488255
208,19130.0,20848.81668197319
209,37633.0,35622.850113541506
210,26196.0,9037.466935144654
211,21953.0,19107.92568781754
212,19601.0,15580.285641012466
213,21699.0,14228.190200665616
214,3763.0,161.79935434873406
215,16935.0,14467.48590309058
216,8000.0,10603.978662175254
217,20071.0,6891.193800401555
218,4077.0,4785.710042724448
219,9418.0,6344.660239571957
220,34905.0,13891.308625625981
221,3136.0,8394.535136428476
222,10506.0,6885.44110642796
223,48575.0,17168.874025644982
224,3293.0,1408.2454880084194
225,10192.0,12307.512909511035
226,15063.0,13985.782260379478
227,6899.0,5891.957220482361
228,4704.0,-1153.2526732059468
229,16621.0,7791.337157336946
230,43880.0,18767.16720583307
231,21950.0,16603.629550372552
232,31988.0,23237.779545844623
233,11760.0,3868.876006821587
234,46414.0,31460.359664045525
235,3763.0,10861.494953326748
236,3293.0,6543.934183596394
237,37066.0,29965.3191818428
238,21953.0,16953.02069823622
239,10349.0,5208.273873649331
240,13589.0,8928.697986058714
241,4547.0,1360.1625760108234
242,36137.0,30134.73822387268
243,21326.0,3681.718419492365
244,1882.0,868.6864568174233
245,15367.0,2381.0637409906585
246,19444.0,9481.636031849579
247,10663.0,9832.44509210328
248,47042.0,57531.279572542284
249,65858.0,86247.7027722766
250,1019.0,1948.198650761054
251,45044.0,25767.99333793004
252,14269.0,2930.3541500059173
253,51225.0,31683.20992599401
254,28852.0,17602.617460431025
255,11726.0,12543.262033120634
256,2352.0,1154.700620277545
257,10976.0,8019.746065969808
258,22580.0,20893.266795753036
259,73071.0,28372.82057966971
260,3450.0,3116.4400755181296
261,21012.0,15970.963047921903
262,6269.0,3919.6017099113305
263,3920.0,2123.649419925501
264,20385.0,17766.91552359435
265,21639.0,27016.029605072777
266,39026.0,16183.2325745485
267,15053.0,12136.428159457502
268,43592.0,4108.244630646845
269,1803.0,2995.2720914891415
270,3607.0,2080.1870704538915
271,19444.0,7128.78480097116
272,9252.0,1074.9369886843226
273,1333.0,5730.264031651402
274,3763.0,3347.4453533560945
275,7527.0,4052.2403464535573
276,18240.0,6437.154764142096
277,14113.0,17612.9820783062
278,21181.0,9578.885931213332
279,85553.0,59022.29522947902
280,4391.0,1996.3547202463117
281,1019.0,762.6794128951155
282,42651.0,31750.84228020296
283,10976.0,1700.958668948905
284,15292.0,5804.9861561378875
285,16935.0,12665.68413034417
286,10976.0,3885.830367128692
287,6586.0,6572.763797167065
288,15994.0,8189.570670068278
289,94083.0,53598.8901210845
290,7997.0,5221.169198073226
291,11133.0,2612.5974295431943
292,19679.0,9307.945500002039
293,17942.0,6827.744294249232
294,29094.0,18854.490596722735
295,8781.0,11335.35675344283
296,15053.0,13191.233426504485
297,9252.0,984.6369970838825
298,18189.0,2428.191458699861
299,5959.0,2633.3819686805555
300,13736.0,6676.047838098197
301,10663.0,3018.3326010060555
302,26613.0,12964.33879165944
303,3293.0,6543.934183596394
304,24239.0,14388.300277557246
305,15530.0,89.57611879775311
306,11604.0,9134.490823823933
307,9095.0,9534.758819133687
308,1333.0,913.3489247255434
309,1960.0,1119.716997980805
310,11290.0,9507.61548109582
311,9418.0,6273.029887019747
312,19369.0,8056.88848884078
313,20883.0,8189.393154585984
314,16621.0,3750.9610185710862
315,14454.0,9464.291792835902
316,52853.0,23798.747924816806
317,14376.0,13630.395563269856
318,13297.0,7869.908528408889
319,9565.0,7683.726539617075
320,10017.0,12918.748808482163
321,2195.0,10283.062622997979
322,11676.0,4769.440425729773
323,5018.0,3850.902836657241
324,14113.0,11630.92959319992
325,39201.0,2847.280197678733
326,10036.0,901.0440169737606
327,52263.0,19925.885141541254
328,15100.0,8558.297039980818
329,9252.0,460.2058749787054
330,2666.0,747.7265180410625
331,7300.0,5474.065513127031
332,19416.0,8117.004941368313
333,31047.0,29462.682045954443
334,17186.0,5271.009068286462
335,3293.0,2195.681092922924
336,23207.0,5710.00315488318
337,58172.0,42691.51364597353
338,20162.0,39356.28426272992
339,18817.0,13174.531747691399
340,25716.0,14393.598615516104
341,40340.0,14152.594824453145
342,16308.0,660.0579020110963
343,44752.0,33453.92863525899
344,9722.0,11160.388085978346
345,41083.0,36863.12303792521
346,18817.0,9809.264254745274
347,16292.0,15514.23011467416
348,27284.0,8970.23357700646
349,31581.0,11216.811577498582
350,10663.0,9273.860654779739
351,71503.0,38366.989676617944
352,5331.0,4746.849335242833
353,16621.0,11633.548020872797
354,5645.0,331.9678834899422
355,12231.0,12697.178727612634
356,15367.0,5512.432642838513
357,20385.0,9228.548542473029
358,17249.0,14517.652259912938
359,1568.0,2399.2973061974517
360,5018.0,1538.8698354585936
361,10820.0,6995.791365012834
362,1646.0,642.6614901977201
363,19444.0,11092.839610800518
364,55390.0,21297.14708911534
365,24123.0,8808.066542670073
366,28225.0,40613.21739617996
367,20071.0,15147.307839135392
368,9408.0,5652.719041882127
369,5739.0,4198.223892837182
370,3450.0,3116.4400755181296
371,16308.0,160.99375064192373
372,18660.0,19165.258648090603
373,10036.0,943.9351487649293
374,35899.0,5011.860939865047
375,10036.0,619.0863902643277
376,20005.0,9769.398493838064
377,9252.0,1180.5043935546178
378,9364.0,6512.088360015271
379,42337.0,36963.35589348298
380,13485.0,18528.24930668987
381,14113.0,10510.508540831297
382,7056.0,3613.4597454542154
383,21012.0,14512.278887152675
384,20165.0,20546.29688703568
385,14740.0,4154.054876343066
386,3763.0,3759.4890634325275
387,1019.0,4534.375699322966
388,3058.0,43110.03133990207
389,10976.0,7189.423237154847
390,23129.0,14984.884778344805
391,24932.0,24660.198287891693
392,4234.0,6315.048424141892
393,9408.0,7814.528994657147
394,4234.0,1227.7460745094238
395,14454.0,5687.961355564227
396,5018.0,2797.1781807202124
397,3607.0,2080.1870704538915
398,19974.0,7673.454374568085
399,52696.0,32388.020632160395
400,19130.0,18715.564013957523
401,11917.0,17070.315762600632
402,15681.0,16155.4839558196
403,10036.0,933.3808314180953
404,1333.0,-1094.7797955354463
405,1098.0,3631.365361692112
406,4861.0,3327.3566933508264
407,41811.0,19798.627533538256
408,36827.0,14096.968098454698
409,28852.0,20045.433121467813
410,15681.0,-16.79688816396981
411,57607.0,32988.628377226145
412,38445.0,28733.222199947013
413,17562.0,7474.388369038464
414,19369.0,5850.4973126676805
415,20266.0,5046.025650694291
416,1568.0,153.5254120622919
417,1568.0,1526.1271826432696
418,43905.0,38522.305744455436
419,6586.0,3680.201799664421
420,15994.0,7144.9502019249785
421,17562.0,18294.748640221937
422,8154.0,7602.983413840646
423,3763.0,2065.901889802906
424,5018.0,3850.902836657241
425,24433.0,9682.456813357061
426,10660.0,9859.761262254557
427,4077.0,2509.0536846604427
428,14740.0,10403.031706041755
429,21639.0,12335.79457414362
430,2430.0,19343.093181229353
431,42601.0,32608.87576443188
432,37000.0,18686.151977958052
433,12544.0,10243.596027069607
434,18519.0,2537.4004256441067
435,38737.0,10540.421892138209
436,35736.0,11529.08168366493
437,45436.0,27670.430461454376
438,15681.0,6557.283671401676
439,25089.0,6339.712862962304
440,23932.0,5065.149431522657
441,32035.0,8920.248697034764
442,12231.0,6255.323480189817
443,24618.0,24642.068980511238
444,40092.0,23242.232874750476
445,9565.0,33527.34993314447
446,3136.0,19463.81074839718
447,5802.0,4646.008967097205
448,2979.0,2388.744952161278
449,7997.0,7609.257773739319
450,17249.0,15117.15197702987
451,13987.0,6411.688387045907
452,6272.0,3767.7815147795673
453,17355.0,8998.696663556304
454,16800.0,5825.827448354352
455,6586.0,616.4784383651846
456,6586.0,7211.4712739718825
457,2901.0,1872.4052307172776
458,97219.0,84950.22081084647
459,14113.0,1773.179253872929
460,17249.0,10910.17046342733
461,10349.0,4908.281202780947
462,24283.0,8981.835779332298
463,21953.0,4342.056679432991
464,19610.0,7190.428138390833
465,75160.0,69462.59960769535
466,59006.0,54911.65148792102
467,13877.0,2936.0148859680157
468,12231.0,1763.2881391200551
469,23678.0,22178.972618213083
470,5018.0,4051.291457724531
471,61499.0,58008.81129687926
472,5018.0,4169.732667647733
473,7997.0,5689.817276858091
474,10506.0,8353.08248247059
475,22580.0,8163.571415216916
476,51965.0,30612.253356748475
477,10976.0,1552.7633723868182
478,17876.0,17093.022395815304
479,18817.0,16369.121018713853
480,20278.0,7181.88586779882
481,12231.0,908.5224441513876
482,5200.0,5918.354137210273
483,25716.0,19996.73540546452
484,36065.0,35532.14157326392
485,54458.0,20412.201097687095
486,18346.0,16738.143893857927
487,7213.0,5020.726453636989
488,44752.0,19465.635820140826
489,32935.0,17202.282018229955
490,7997.0,508.6475583663921
491,16766.0,7168.404783283312
492,16935.0,9541.910390584157
493,39201.0,33419.18772217598
494,47694.0,20915.18007875623
495,12676.0,3397.704039776132
496,1176.0,968.2236650102116
497,5488.0,4562.508186675673
498,15053.0,4207.992143803524
499,20005.0,8626.370580083989
500,21395.0,8641.572060041442
501,18189.0,4285.573308614441
502,7495.0,1507.7238251370466
503,8467.0,6347.799264405871
504,15681.0,16155.4839558196
505,36065.0,32649.350083859597
506,23521.0,13233.518033881557
507,2901.0,1845.1822462150205
508,18189.0,11427.16417156456
509,45633.0,32502.093940629275
510,8154.0,1976.7664312398877
511,15624.0,9782.379641378591
512,19306.0,12386.412672335344
513,133284.0,75422.84547802815
514,15850.0,4803.237596087155
515,53540.0,32535.99188381286
516,44134.0,34128.917073388926
517,9565.0,8199.217740537626
518,45734.0,24769.76091170382
519,8154.0,7602.983413840646
520,5959.0,6610.286542248076
521,16935.0,13953.062768097705
522,44711.0,12636.967355990526
523,132971.0,114189.54467447838
524,35269.0,9244.877181106407
525,19676.0,9320.85794091989
526,64463.0,60070.185269542555
527,34811.0,33051.05967305264
528,14426.0,12462.426377768516
529,9879.0,1367.1773778125078
530,13799.0,7087.189885953495
531,19613.0,4110.952361738492
532,13172.0,7836.236465240342
533,8590.0,6814.507956554488
534,17876.0,14373.594461997534
535,49237.0,38233.70726398141
536,16621.0,9230.232459078117
537,17405.0,7288.206231204058
538,10976.0,14001.669259399752
539,4861.0,2865.555217891755
540,4359.0,4714.347967812145
541,19757.0,23441.13180535097
542,38213.0,64159.75755751493
543,18189.0,6961.867349991532
544,54850.0,60066.950760391475
545,14900.0,12136.831039136126
546,9722.0,2160.3429431394316
547,17663.0,13192.033664816325
548,20665.0,9611.088630393886
549,11604.0,847.3327984289067
550,17876.0,20239.28694567554
551,5849.0,9802.788515650534
552,12306.0,3568.526296248032
553,131308.0,72688.79129892368
554,24273.0,12851.843366990339
555,30517.0,7636.726895034492
556,36065.0,51166.34624581482
557,16850.0,11722.68032589989
558,55932.0,45751.33520055793
559,10641.0,3894.463083010217
560,9722.0,9026.30920862882
561,1882.0,1138.2540748178171
562,36068.0,14689.44052669534
563,15850.0,6103.66217726272
564,26657.0,23193.145075622782
565,13771.0,1856.8181598386273
566,35438.0,10343.662924516186
567,19757.0,15770.399462242343
568,10986.0,7654.313706664866
569,46919.0,18195.712956284708
570,19444.0,16673.480508882665
571,22894.0,19061.241372228407
572,1803.0,2466.7079798323757
573,17719.0,15539.189655629481
574,18817.0,15484.877814499905
575,16091.0,7328.545973044297
576,4391.0,2374.737592695392
577,9408.0,11275.769212311623
578,17876.0,12615.840681370742
579,50297.0,22388.641149997446
580,12544.0,17699.533487955156
581,16621.0,15056.092743987272
582,14069.0,7906.284629301849
583,7056.0,8451.86468898569
584,22894.0,17717.755581635305
585,52059.0,25818.420564195807
586,49237.0,44959.422654228816
587,15241.0,8867.384195520804
588,9252.0,976.0948233928082
589,69935.0,19182.436298522865
590,44517.0,13185.512916699168
591,3293.0,2371.397142307924
592,17249.0,12176.19763025577
593,26372.0,8165.268746305693
594,20814.0,6790.519968126717
595,17249.0,38158.87710812226
596,8467.0,2294.587529206102
597,16308.0,9505.263083673115
598,12858.0,13558.886371126937
599,10976.0,11493.818477600198
600,21000.0,13778.159348829005
601,15053.0,14302.012770732581
602,10976.0,9055.637896282644
603,38500.0,45452.31124618418
604,6586.0,31454.642834461967
605,4234.0,749.6894575801484
606,15624.0,9782.379641378591
607,9832.0,5448.335807943146
608,7683.0,9960.607150696995
609,46728.0,16644.96269699045
610,1803.0,1688.5634072929238
611,18826.0,7231.8376021063295
612,52059.0,25818.420564195807
613,14113.0,9230.232459078117
614,28059.0,21418.43945795188
615,17249.0,16811.78293475971
616,4547.0,1064.94491971098
617,16900.0,16201.876733277628
618,15994.0,15557.643027854734
619,1254.0,3398.5701068665185
620,21012.0,11553.764175463308
621,45376.0,19635.525908901243
622,96915.0,84498.56438690319
623,18817.0,24138.214499076686
624,5209.0,9385.117214942748
625,22063.0,8433.770291658315
626,8947.0,3367.1893058752794
627,12544.0,1499.2818800805583
628,10663.0,869.657803887254
629,21410.0,10906.314327988192
630,4861.0,359.00264423475323
631,6586.0,6610.286542248076
632,9095.0,7748.045341568964
633,30891.0,20177.702385546847
634,10036.0,1815.912346130572
635,18503.0,20694.05701515407
636,9722.0,1298.67232278514
637,21730.0,23219.42614736054
638,1725.0,1154.1443420707794
639,12074.0,3681.330396317322
640,10672.0,7449.439205455475
641,12544.0,13761.15409973489
642,1019.0,762.6794128951155
643,19500.0,25044.581346869923
644,6429.0,387.3766632751379
645,26657.0,634.2750494073682
646,22197.0,14690.183322700774
647,4077.0,344.2542773111704
648,9252.0,1650.639899421968
649,19281.0,10405.29997765689
650,12541.0,9722.138080003091
651,41281.0,26363.025608533102
652,4234.0,1400.795148172262
653,15681.0,5532.7415582418735
654,13328.0,9010.062443162922
655,10663.0,9941.378792265066
656,15681.0,7705.630955877105
657,19416.0,9297.977143978673
658,24415.0,9553.485135515102
659,5018.0,1080.3556391078391
660,28589.0,12532.743334685627
661,41811.0,33534.70394432055
662,17942.0,6755.695352367818
663,28241.0,14669.38779426723
664,28830.0,18161.728982968714
665,17158.0,8655.563168453053
666,39201.0,36551.918448344426
667,14113.0,10188.060385942621
668,7840.0,9215.872841932045
669,21285.0,13071.741041711684
670,1490.0,1352.113426459225
671,28789.0,11090.116798990328
672,19757.0,4337.650262743337
673,49858.0,16994.413738270992
674,25729.0,16438.089934066764
675,17249.0,10363.465947394292
676,16041.0,8420.399673721684
677,10036.0,7318.389619825665
678,14113.0,10111.70369712272
679,9722.0,8566.530145886296
680,25500.0,13662.653426388206
681,54393.0,21234.020309056414
682,7066.0,3920.840900420777
683,18660.0,9668.632037957155
684,17942.0,4873.0607266312845
685,15693.0,7367.850123639526
686,11290.0,13180.434358752047
687,42808.0,43804.24381289078
688,8000.0,5943.398145896394
689,29777.0,5268.7650369981
690,5604.0,3972.31206742258
691,67404.0,48717.75906223569
692,20005.0,7228.044698255581
693,12388.0,4672.276807521415
694,16308.0,14153.939240284952
695,4701.0,5703.970463386301
696,11917.0,9380.182553604624
697,10976.0,12692.586702000954
698,3450.0,6133.57859686046
699,25299.0,8544.488974853182
700,5331.0,11081.71070761123
701,52959.0,21383.33260105147
702,28225.0,20014.27360843722
703,30734.0,12618.087505813015
704,13485.0,12503.887875614884
705,18660.0,12361.000509034413
706,23521.0,17168.4578504114
707,11604.0,13128.36617821091
708,20385.0,15733.324747598828
709,23138.0,6494.757968208324
710,5802.0,12728.88542102877
711,11917.0,5033.116427579326
712,10349.0,8326.998707593782
713,7056.0,8774.003986491487
714,22502.0,16279.852048870647
715,11917.0,9563.341219403646
716,7683.0,638.0606047495481
717,35736.0,11529.08168366493
718,14583.0,4415.387826275154
719,55528.0,25489.724248806808
720,19130.0,6493.511409125835
721,2274.0,2345.8969370844525
722,11133.0,4540.486387091108
723,16894.0,7932.262944971387
724,5802.0,7551.896265773682
725,1019.0,7508.721424282842
726,35846.0,13282.913233182258
727,3763.0,-86.76544391940001
728,15367.0,737.5439685145095
729,14454.0,8751.88908188396
730,53941.0,47833.047858319216
731,14426.0,14630.505455180279
732,11604.0,9219.83327877568
733,17249.0,17367.469017201354
734,10192.0,3332.7698822698685
735,28222.0,21147.155780781384
736,45160.0,15940.271218570575
737,7260.0,5301.489371264409
738,13485.0,7537.396754768847
739,8154.0,7662.007256247586
740,20385.0,16976.497775043557
741,1411.0,3350.517689448815
742,20636.0,14277.574919554154
743,7213.0,9945.820413103082
744,24462.0,20417.689679713094
745,22894.0,19061.241372228407
746,27924.0,12590.877266083005
747,19874.0,7021.780903403296
748,17562.0,7261.2391861295055
749,20814.0,4423.786538472744
750,5645.0,1495.1586078587254
751,22894.0,12157.029146495943
752,55823.0,38168.28165233632
753,1568.0,1280.0969287173154
754,5645.0,2968.663089485338
755,11563.0,7279.160069118033
756,17405.0,10536.8451312924
757,47217.0,32277.977821906
758,5018.0,3297.613557486361
759,15173.0,6108.728492321988
760,1098.0,5282.214388731256
761,20071.0,6259.239624172241
762,11604.0,12169.51058157747
763,1646.0,900.1917932781954
764,10036.0,7839.778595615651
765,5018.0,4088.4999997639616
766,2587.0,763.1179026410152
767,18503.0,16501.21957828266
768,54568.0,24859.729811327517
769,12000.0,7994.358321709586
770,18531.0,10787.628012965524
771,18817.0,8884.804295298109
772,4861.0,1764.454003736679
773,44247.0,26784.93207665136
774,21608.0,8983.788763573644
775,27284.0,7263.69248829281
776,16621.0,11633.548020872797
777,35902.0,6400.78585460614
778,24462.0,5850.0255523357655
779,57030.0,42099.91236926954
780,10515.0,5466.929992685813
781,14583.0,15965.576158192558
782,21326.0,18327.020263540267
783,10663.0,6814.997214674288
784,21500.0,1254.4867875329317
785,49858.0,16201.836235567698
786,9879.0,14916.642751526066
787,10900.0,10622.598950563177
788,10381.0,5565.017570100529
789,19444.0,16661.752989070355
790,9095.0,6873.798822449654
791,21953.0,35661.59297509632
792,14166.0,7549.857034582777
793,22649.0,6265.497964082703
794,23521.0,23270.488742506273
795,14740.0,5495.149078249437
796,13495.0,9389.356053060057
797,15681.0,14255.16272727574
798,26657.0,30939.26748781738
799,6429.0,1681.2820314172284
800,43576.0,17341.768435064205
801,15367.0,12738.772277480362
802,17562.0,41727.912779190745
803,4547.0,-11.72449232370058
804,8154.0,8650.422693198758
805,26343.0,13694.453926008482
806,18124.0,7931.348234104975
807,29793.0,11828.395885952465
808,4234.0,7487.321651187528
809,3607.0,2063.022629348592
810,10349.0,9626.223987474601
811,38445.0,16374.971639392461
812,17092.0,15860.650136427623
813,15285.0,6800.971558876922
814,5620.0,6741.226381729692
815,20789.0,3730.7174824458325
816,3293.0,1229.2523256766842
817,11102.0,1238.3979072852767
818,13626.0,5503.652720886629
819,7840.0,10172.946202266536
820,18826.0,8351.151859453621
821,8154.0,3092.1378020055636
822,12544.0,11040.425054896676
823,29793.0,89697.54474281143
824,6586.0,7211.4712739718825
825,10506.0,7345.686091606687
826,17562.0,16020.628789736336
827,25089.0,15453.758847529123
828,38894.0,10008.23380987474
829,10976.0,5696.111399853345
830,5175.0,3618.787268656153
831,15681.0,35.114470232879455
832,10669.0,2444.1617348080254
833,9377.0,2423.3842211934834
834,9879.0,4048.553655502191
835,6586.0,7211.4712739718825
836,7527.0,4284.2490406737625
837,7213.0,2906.9980357965596
838,36065.0,35126.97595638709
839,10036.0,920.2271614680766
840,51166.0,16327.43103272892
841,18817.0,21354.240350152224
842,18240.0,4423.7071443508985
843,20698.0,14454.80705644078
844,18776.0,15154.693578647339
845,10349.0,12715.967097763516
846,37633.0,24890.970434188886
847,13476.0,7230.362169776218
848,41281.0,31375.924280072075
849,3136.0,2087.1586649569963
850,19416.0,5604.9239668963455
851,10515.0,5004.4275252783655
852,69502.0,38254.52965708901
853,27911.0,15756.036027673217
854,50049.0,12838.258437391345
855,14426.0,3651.32230835284
856,1568.0,153.5254120622919
857,4861.0,468.9364779354762
858,17249.0,26291.843282701244
859,29633.0,30355.684105289853
860,15681.0,-54.41901590829116
861,4861.0,3327.3566933508264
862,92502.0,93647.81192370596
863,10117.0,5450.534374474458
864,16590.0,13575.057032373268
865,21012.0,10998.460550907892
866,20071.0,16637.586411721328
867,15681.0,16718.308283068083
868,11864.0,7627.353111144288
869,10192.0,9900.918107345457
870,53154.0,20094.519956060933
871,48575.0,30271.868274769153
872,22947.0,7622.069148897183
873,9722.0,1958.272723304647
874,29323.0,24604.276062771813
875,25089.0,22834.365414499527
876,10663.0,7847.436960453565
877,7840.0,4341.470639845708
878,1490.0,1326.5912305129475
879,32412.0,9298.704255893454
880,32929.0,1680.15466129554
881,10349.0,9913.28388794726
882,18826.0,7759.21880666461
883,3450.0,2785.3421947435754
884,28225.0,15075.112433067297
885,29793.0,29537.972593862087
886,30596.0,16730.13488747772
887,13485.0,13370.46856273874
888,11704.0,3557.9269896022033
889,9095.0,11730.006474592488
890,9722.0,9279.567818077929
891,20698.0,5036.822310422394
892,30063.0,9957.726666784838
893,34406.0,15160.39687773705
894,1568.0,3015.9778498442547
895,2038.0,433.64716514279934
896,21181.0,7694.698440474738
897,3293.0,4290.470345412389
898,17923.0,6754.081030031365
899,4077.0,30941.44202766829
900,11274.0,6117.227066679694
901,36065.0,28039.55405061349
902,1568.0,153.5254120622919
903,17158.0,7487.723978172391
904,5175.0,6749.20348009254
905,50526.0,44938.5006720208
906,38260.0,31321.978716816662
907,19914.0,-68.72599594037717
908,11290.0,10338.358006377664
909,11133.0,6134.152421855548
910,25763.0,4057.068061234555
911,14426.0,2906.9980357965596
912,9252.0,1478.9265363160123
913,4234.0,4374.389432552591
914,1725.0,249.5997406930179
915,21639.0,17847.592868669173
916,20491.0,14683.243404241166
917,20005.0,15045.907413589019
918,31988.0,34715.69133820998
919,8938.0,14777.521572424324
920,11917.0,16700.81809739497
921,27284.0,7263.69248829281
922,16308.0,10001.01172602334
923,38574.0,29652.826450766504
924,27889.0,15948.729317588964
925,5209.0,2465.7023682606696
926,8311.0,-3350.796931032206
927,3450.0,823.0511598547143
928,3450.0,17160.129177440274
929,10976.0,1700.958668948905
930,3058.0,-2763.255246170248
931,40340.0,28439.167115619
932,34184.0,2735.9082419474753
933,10697.0,5830.795730568311
934,20071.0,16750.04761676425
935,19444.0,13309.159694512411
936,22649.0,5862.7966650178305
937,16151.0,11281.526770979488
938,3450.0,3116.4400755181296
939,21012.0,3226.468463579349
940,4180.0,1080.3556391078391
941,3136.0,2373.1776465329986
942,13172.0,6193.625543234568
943,19444.0,2752.4495452777155
944,18503.0,16164.827420687317
945,3607.0,984.9704950695273
946,15053.0,13852.94579964421
947,18189.0,17382.905077003208
948,39829.0,21216.92843984896
949,3607.0,2080.1870704538915
950,44558.0,17430.99491248273
951,21169.0,14607.220085070669
952,27654.0,11738.985887383362
953,21285.0,20622.165206267495
954,8467.0,10066.229651285
955,3763.0,2956.234622972236
956,18240.0,8691.155196190452
957,22843.0,10236.928819474328
958,119172.0,150214.8617777159
959,8781.0,10774.263224766579
960,40142.0,35133.312655436785
961,1960.0,4846.858286661132
962,29950.0,32848.71467204115
963,39201.0,1031.944588083087
964,4861.0,1237.229398008116
965,5802.0,2260.35384211132
966,6272.0,1767.5169687513103
967,28225.0,15574.784093577455
968,11917.0,10603.968985858903
969,14113.0,1595.9827256961496
970,34074.0,9782.346915501998
971,36197.0,14814.048552943415
972,1019.0,574.040128245608
973,3293.0,279.78791122813084
974,13068.0,6858.009764276755
975,13172.0,14228.700310372236
976,6429.0,1188.9707669727127
977,17249.0,10711.245166529141
978,7213.0,1767.5169687513103
979,6899.0,3683.626666807242
980,17876.0,12616.1526858556
981,6868.0,3331.151732729353
982,3136.0,1521.2965942850406
983,1725.0,1398.0760348116023
984,14269.0,15589.466120653124
985,46207.0,25485.781355424788
986,15681.0,38.92683316811866
987,27911.0,14956.483844883167
988,13799.0,13603.524873435888
989,20918.0,14718.356075011823
990,5959.0,3000.4612443020787
991,14113.0,9230.232459078117
992,30063.0,9267.649348620176
993,5018.0,2797.1781807202124
994,18817.0,16369.121018713853
995,7997.0,11225.427450058469
996,5645.0,1495.1586078587254
997,12074.0,2042.3061122260071
998,15925.0,7892.616427262483
999,10663.0,722.529648968251
1000,16151.0,10910.662122196867
1001,18117.0,6540.942493556604
1002,11447.0,17213.215703075566
1003,25089.0,15055.230396663137
1004,43952.0,17885.043771263292
1005,16894.0,10147.02472261195
1006,10036.0,8610.853512394759
1007,21953.0,18137.940056623975
1008,3136.0,5486.821206522351
1009,10976.0,13655.206692371683
1010,17249.0,16813.166902883586
1011,22580.0,22027.120608263824
1012,2587.0,10412.136287949139
1013,3607.0,-288.38713529385075
1014,2979.0,2536.3584519158876
1015,11604.0,919.2314812844114
1016,11917.0,7678.9130556086875
1017,19601.0,11080.0625674726
1018,1646.0,15752.147247830351
1019,61154.0,19182.436298522865
1020,11917.0,9713.496244318287
1021,47408.0,18353.10527803976
1022,8154.0,7145.712737365868
1023,6272.0,10362.465504571752
1024,28225.0,41647.17279284671
1025,27654.0,15927.654884718519
1026,3293.0,4290.470345412389
1027,1254.0,1691.690196409753
1028,43868.0,22698.72968635889
1029,15681.0,56.06582888258583
1030,23235.0,7585.955010169256
1031,2666.0,1058.6528850375473
1032,19124.0,7561.591200334438
1033,32929.0,23675.983549882563
1034,19130.0,12671.968642808668
1035,9095.0,8755.063875384405
1036,2587.0,3732.8554911122274
1037,58507.0,40378.90974552715
1038,16935.0,10867.150897859872
1039,13000.0,12856.987360000894
1040,1098.0,4419.611286443137
1041,12388.0,4672.276807521415
1042,36899.0,9847.2503655746
1043,15681.0,8038.264632778149
1044,39559.0,12160.331458359451
1045,25089.0,24465.3115224159
1046,10400.0,3770.0571542505204
1047,18189.0,13274.782658800075
1048,14269.0,11700.812685122306
1049,26971.0,10257.902170478288
1050,3293.0,2358.341793247031
1051,7778.0,5242.483876201087
1052,1490.0,3870.9066627808534
1053,19444.0,21515.09480133824
1054,39750.0,25581.75508067841
1055,15210.0,7565.406043624375
1056,15991.0,13922.435388016194
1057,34419.0,11734.590363342142
1058,9593.0,7107.211844938386
1059,5865.0,4278.7557228898595
1060,16308.0,18934.00279669557
1061,1490.0,3373.9273116600907
1062,68994.0,38792.888195455795
1063,12600.0,5124.902670020367
1064,2509.0,2013.3119466019305
1065,14113.0,16152.58964613251
1066,11917.0,7819.931270443188
1067,18503.0,16522.119302294814
1068,16766.0,3949.643439187329
1069,23734.0,6528.1107004714495
1070,15681.0,51.23857880685637
1071,6899.0,5321.415004451855
1072,37000.0,10395.489127410183
1073,16621.0,7791.337157336946
1074,18503.0,2434.0911129050883
1075,15681.0,-83.88604877774372
1076,14740.0,12791.187658938456
1077,7213.0,4422.413549060538
1078,2430.0,19343.093181229353
1079,10000.0,9812.379330293883
1080,50184.0,33036.286697168325
1081,16741.0,3026.0165198248405
1082,28423.0,5351.59733764183
1083,21326.0,12459.519823087838
1084,35234.0,19901.66364496737
1085,54568.0,-3988.6827669267695
1086,2979.0,3762.014150644548
1087,2979.0,1116.1040294031714
1088,8467.0,1688.7754411051474
1089,13877.0,6511.44678994353
1090,11177.0,9401.227139592029
1091,5758.0,6875.111706825988
1092,42987.0,30135.39252745293
1093,20385.0,17358.640272243993
1094,65858.0,29669.276113810887
1095,4704.0,2504.0287780925437
1096,19444.0,20558.49271261052
1097,36401.0,20929.61675350016
1098,98282.0,86587.4422354224
1099,15681.0,9174.31807691516
1100,66482.0,54746.12314159731
1101,15681.0,18627.75859497629
1102,16935.0,12622.480112577814
1103,8781.0,9634.785409254971
1104,7527.0,7979.066901529902
1105,9722.0,6470.84728003024
1106,9938.0,947.3677628006373
1107,47201.0,19886.8907986741
1108,29793.0,33209.08889392748
1109,14009.0,11509.672415471869
1110,52059.0,25818.420564195807
1111,20698.0,3491.071623604602
1112,39829.0,21216.92843984896
1113,16935.0,10965.00223921493
1114,40076.0,11982.956089255093
1115,5645.0,2968.663089485338
1116,24148.0,21960.078188634183
1117,18817.0,5426.640014019003
1118,17035.0,6289.672985674217
1119,13172.0,276.17749912542337
1120,5488.0,4562.508186675673
1121,27174.0,15961.523836750075
1122,11133.0,4540.486387091108
1123,25000.0,40029.35613118138
1124,7997.0,6594.1053691749285
1125,4861.0,8981.555910234849
1126,36166.0,13717.554128814038
1127,16766.0,9036.872501262667
1128,4547.0,14558.058372671558
1129,3058.0,5801.14527715303
1130,1646.0,7889.614212022127
1131,10036.0,652.8206101320966
1132,3607.0,2080.1870704538915
1133,9408.0,9574.56814473115
1134,38445.0,22960.771151661207
1135,10349.0,13833.378694283425
1136,5645.0,2968.663089485338
1137,22580.0,10739.263364621655
1138,17249.0,4142.331448851956
1139,43576.0,34641.24913031267
1140,25299.0,9133.350564594655
1141,47042.0,45555.57272435753
1142,34184.0,48731.79526325284
1143,39161.0,24110.315562578224
1144,40390.0,14732.019843143642
1145,11099.0,6424.21401530512
1146,42692.0,34499.095233257794
1147,6586.0,2344.938347847483
1148,24709.0,8108.447424563151
1149,9408.0,9986.186154177301
1150,28852.0,28223.41806060058
1151,17876.0,13686.17912267817
1152,3293.0,2486.6845083238513
1153,37066.0,29965.3191818428
1154,19914.0,12611.623873602734
1155,20698.0,8689.929783074691
1156,4861.0,2968.663089485338
1157,15994.0,-4.173783706954623
1158,28830.0,7229.5948764194745
1159,12544.0,15130.226019254442
1160,12858.0,5222.042396270042
1161,3450.0,3237.4065951662287
1162,16308.0,13314.355646281958
1163,5488.0,866.1552982570995
1164,27284.0,6496.619902774528
1165,24123.0,9777.44085545741
1166,2430.0,1861.9271939096216
1167,25264.0,18038.88195791633
1168,1098.0,2903.330944306218
1169,27174.0,11439.288084410064
1170,2901.0,1575.4541989640888
1171,13172.0,15118.772438215883
1172,49751.0,36880.29804176806
1173,59831.0,27613.885270901064
1174,31650.0,6682.687562856377
1175,15458.0,3612.6991053523643
1176,9418.0,2375.0595409654434
1177,58579.0,36539.260146901
1178,14583.0,6995.791365012834
1179,15681.0,115.32620610472026
1180,7150.0,4932.747866376685
1181,53154.0,24879.623091954647
1182,3136.0,3941.5674603029856
1183,3450.0,420.8108336869211
1184,20385.0,6821.304590874731
1185,52059.0,25818.420564195807
1186,18189.0,9410.704995755365
1187,7527.0,4246.720821540653
1188,1725.0,44747.089866536844
1189,40142.0,42427.00714200743
1190,64290.0,22601.363818121677
1191,17249.0,15970.492112327312
1192,33243.0,13728.224198318336
1193,2666.0,4521.860638133666
1194,53317.0,20915.16808972025
1195,59464.0,41950.0706467847
1196,72130.0,43199.00611850675
1197,4861.0,468.9364779354762
1198,8467.0,5719.8092411649895
1199,48610.0,45735.93401768644
1200,35839.0,13733.149953488017
1201,45436.0,18468.323081438477
1202,9408.0,3439.2854526268593
1203,8938.0,6226.033464522603
1204,1411.0,1405.3384157063642
1205,5645.0,1146.9125164658592
1206,16289.0,4555.116388083204
1207,39201.0,12192.869200150213
1208,3763.0,-86.76544391940001
1209,4077.0,6541.108034490089
1210,19757.0,17235.53047673517
1211,17719.0,30277.15082404712
1212,19823.0,11223.04981189022
1213,4704.0,895.9917570622654
1214,10976.0,1846.0242189881365
1215,6899.0,3686.9635617420063
1216,23436.0,15484.563427361349
1217,18817.0,106.50833422832687
1218,2274.0,13123.017586533453
1219,54157.0,24134.09931352522
1220,20244.0,19918.10357356744
1221,14113.0,7230.854806035945
1222,7527.0,7033.991745677616
1223,3136.0,2087.1586649569963
1224,5018.0,2797.1781807202124
1225,8467.0,11338.49045624064
1226,1882.0,46.49205874661925
1227,1568.0,2409.3962407655545
1228,16308.0,504.12126738282495
1229,34657.0,7418.2362379494525
1230,14500.0,13602.632962437227
1231,35043.0,17754.62854949589
1232,13485.0,10769.060929657528
1233,37000.0,19365.775247194248
1234,4704.0,6703.228302359803
1235,12544.0,11716.1891060162
1236,2274.0,4445.603512694929
1237,17876.0,6714.4573299174035
1238,10663.0,5965.815559633664
1239,10515.0,5004.4275252783655
1240,42369.0,28581.963033925753
1241,36235.0,15307.350960619571
1242,1725.0,1890.0972549916328
1243,23521.0,16789.038821432317
1244,9000.0,10227.787718562846
1245,10036.0,933.7547072957017
1246,7527.0,4994.39704351758
1247,11290.0,288.38228944490606
1248,16935.0,9471.417005700863
1249,34607.0,24702.91638103736
1250,9408.0,10838.340213390431
1251,1646.0,642.6614901977201
1252,4861.0,3580.912735809983
1253,5927.0,4421.328262209931
1254,17249.0,8975.97852016211
1255,29166.0,13429.512417179167
1256,53154.0,25711.36905320057
1257,13328.0,4204.141699502683
1258,44608.0,28844.415041487187
1259,40769.0,36229.94590181478
1260,9722.0,1253.9235427596057
1261,55515.0,29385.47042245906
1262,3607.0,1416.152030461359
1263,4704.0,2171.672955416874
1264,11133.0,4540.486387091108
1265,3450.0,420.8108336869211
1266,1019.0,762.6794128951155
1267,43278.0,23049.857836173444
1268,31220.0,3042.558517201477
1269,43868.0,32234.463206373726
1270,8311.0,706.580540321283
1271,9722.0,6683.670656694439
1272,17035.0,7420.721864285042
1273,23521.0,13119.130437593958
1274,4861.0,14352.747119468386
1275,9408.0,9611.534169516426
1276,14426.0,9148.439478873604
1277,2195.0,1614.5885185821353
1278,18189.0,18040.165985745927
1279,6981.0,1707.0054898663263
1280,15423.0,9444.390409089876
1281,28532.0,14302.935024682614
1282,15681.0,96.65418414759205
1283,2901.0,1878.3796620593382
1284,21326.0,19559.15471274716
1285,19864.0,15104.471726717955
1286,37320.0,25621.848815685604
1287,4077.0,-86.76544391940001
1288,12074.0,5605.8789116389735
1289,14715.0,6051.0598150030355
1290,45473.0,43733.889867465165
1291,81539.0,34715.69133820998
1292,43952.0,17885.043771263292
1293,35438.0,35362.939360668715
1294,12544.0,1666.7173233703127
1295,1725.0,11235.334610885606
1296,15053.0,708.0923960053996
1297,21326.0,20347.70988061521
1298,13328.0,4204.141699502683
1299,17876.0,14516.931188184588
1300,9722.0,11160.388085978346
1301,4861.0,2788.592446722965
1302,17249.0,13016.078980633856
1303,1568.0,1990.6285200265527
1304,13015.0,13377.043718326098
1305,1882.0,1138.3518483985101
1306,5018.0,3850.902836657241
1307,4861.0,3327.3566933508264
1308,27284.0,24899.026262778694
1309,36567.0,13394.735537019216
1310,20005.0,10062.868536610917
1311,15681.0,7615.150944059368
1312,10349.0,725.489941687896
1313,22580.0,8390.179688948523
1314,7056.0,3613.4597454542154
1315,24860.0,3326.3200815654736
1316,15681.0,4389.791836750949
1317,4359.0,4647.378099716618
1318,12544.0,6310.431205813498
1319,14113.0,11135.318232978938
1320,28357.0,7642.745225906466
1321,9722.0,1585.904510136016
1322,1411.0,1024.1411164316319
1323,3607.0,1363.9656242059364
1324,3293.0,2961.845697017151
1325,40769.0,39483.070010842035
1326,12544.0,11323.66168596915
1327,23521.0,14681.128162997262
1328,8938.0,6228.242172448486
1329,22649.0,8175.197930867641
1330,4077.0,-86.76544391940001
1331,52696.0,36210.94488879299
1332,11917.0,8155.165648543162
1333,23834.0,25273.020341663057
1334,12701.0,7339.500257139712
1335,21012.0,26118.453699202666
1336,7056.0,2393.228384915329
1337,8467.0,1537.3141070264182
1338,8781.0,8362.50349945146
1339,14897.0,10837.529020896052
1340,27435.0,11466.185829101556
1341,18503.0,18430.59362995449
1342,9408.0,5254.490604642574
1343,10349.0,9304.017660716125
1344,21012.0,17099.350076781175
1345,39797.0,20206.912846533392
1346,12388.0,5447.114486543921
1347,8154.0,4777.8958429712775
1348,17562.0,12688.187101782321
1349,18817.0,17800.033772778654
1350,1254.0,847.8187286825763
1351,31988.0,19019.060315120285
1352,21953.0,3997.3848671897413
1353,17054.0,5656.557391851272
1354,39829.0,18094.911711845485
1355,3763.0,1728.082464501472
1356,12720.0,3155.0718957721583
1357,13172.0,15641.107603426566
1358,22266.0,6700.03671295868
1359,2430.0,4431.374764494701
1360,30740.0,11898.995086061272
1361,19933.0,11631.786058840458
1362,13178.0,9154.36075127741
1363,12544.0,1138.0809516330096
1364,58495.0,35392.859446305905
1365,5645.0,13456.075424103417
1366,36065.0,26027.05714070041
1367,27284.0,16144.939075301407
1368,6272.0,15752.147247830351
1369,12858.0,8670.595693297939
1370,18189.0,14834.637614987356
1371,11604.0,928.641980719407
1372,5802.0,4646.008967097205
1373,1176.0,296.6813637243092
1374,14426.0,13472.773142854525
1375,18817.0,16369.121018713853
1376,1019.0,8168.203732599196
1377,17876.0,11923.535974174287
1378,20266.0,7597.39971913821
1379,13485.0,3612.100073477891
1380,21012.0,17106.907208704422
1381,5959.0,5923.415616786835
1382,15681.0,11767.415725498397
1383,21953.0,19869.02575829849
1384,14081.0,4752.261653610253
1385,20698.0,9892.14450124793
1386,13642.0,7586.217140192864
1387,51272.0,36949.22697763716
1388,28225.0,16795.04236020663
1389,19757.0,13760.810206738888
1390,41387.0,11145.397413864972
1391,54048.0,37762.00591235685
1392,15994.0,8189.570670068278
1393,37564.0,8184.87194763722
1394,15850.0,9087.279929100427
1395,23239.0,8150.048532419564
1396,7806.0,4314.942473399852
1397,24709.0,12064.85499549764
1398,16308.0,13363.029821196182
1399,5018.0,3850.902836657241
1400,20385.0,12777.900586461798
1401,51526.0,16999.909582678865
1402,16935.0,199.6605562079726
1403,22894.0,15664.690258052691
1404,12544.0,6869.746887404923
1405,10349.0,2968.374226874628
1406,30750.0,8095.258644442535
1407,114468.0,70089.97027943561
1408,10036.0,747.7265180410625
1409,10036.0,621.9479374536845
1410,29479.0,19971.987933110617
1411,27911.0,5129.54048004156
1412,29793.0,18502.683974724172
1413,8311.0,9650.191096214296
1414,48566.0,30884.9645059389
1415,13485.0,18514.836360307123
1416,8467.0,1102.668541234408
1417,15681.0,12770.510111714044
1418,14740.0,9870.906397148141
1419,6272.0,3665.6538299690965
1420,21805.0,15238.447727669256
1421,12607.0,12103.501880646234
1422,22248.0,4107.482447405628
1423,4704.0,4546.034228094344
1424,10036.0,994.4490309241808
1425,12074.0,8060.637463082219
1426,22580.0,20893.266795753036
1427,20005.0,4396.93155968542
1428,4547.0,1360.1625760108234
1429,15681.0,31.52314829076886
1430,33556.0,22976.59427049634
1431,25591.0,13429.143693906555
1432,8781.0,18428.86885127359
1433,2666.0,5692.795274185187
1434,4547.0,1360.1625760108234
1435,12074.0,10770.73131221237
1436,81539.0,63142.27804882514
1437,11133.0,4540.486387091108
1438,7840.0,1338.1345568260203
1439,1725.0,558.879232335618
1440,12858.0,6837.033320248002
1441,21103.0,9226.862095030174
1442,6743.0,1800.2458330821685
1443,15994.0,7707.397378229601
1444,26149.0,8944.990560943255
1445,14454.0,7644.997950002259
1446,2666.0,1958.5776699712424
1447,42764.0,14991.590320257144
1448,15681.0,59.13663493765313
1449,5893.0,2546.07893144029
1450,35309.0,17420.298269490715
1451,23834.0,18006.540767415117
1452,17562.0,16875.37671379607
1453,1019.0,17722.467727993626
1454,9656.0,6520.296794420917
1455,25089.0,4630.147173595751
1456,8097.0,3358.5978207248118
1457,23521.0,12855.777258878348
1458,16621.0,7791.337157336946
1459,15132.0,5549.136240609349
1460,4547.0,3379.15676552662
1461,49165.0,9982.957105648027
1462,41867.0,32582.700674328018
1463,18817.0,16369.121018713853
1464,35752.0,5442.523016272358
1465,49858.0,47129.46002214487
1466,40057.0,8138.478773645274
1467,3136.0,2849.8424466462448
1468,25089.0,19797.79380246727
1469,1960.0,1659.6109733103547
1470,59464.0,26756.734035535927
1471,15994.0,8189.570670068278
1472,6272.0,-3988.6827669267695
1473,15681.0,16155.4839558196
1474,13463.0,3206.8111626480686
1475,38888.0,46895.83914032771
1476,40769.0,39682.25684320884
1477,14113.0,9248.446144374557
1478,28100.0,21181.342791028615
1479,47000.0,31579.020425077266
1480,14113.0,5446.837079916511
1481,39829.0,21216.92843984896
1482,5018.0,2797.1781807202124
1483,9722.0,9998.796695727237
1484,18440.0,5031.889647799476
1485,26657.0,3810.819398937696
1486,8624.0,8966.507800236086
1487,37633.0,16407.003683036157
1488,16599.0,7911.38337772976
1489,51075.0,30801.367146814682
1490,6429.0,2329.7533915092454
1491,20005.0,7657.181784158775
1492,22894.0,7506.556904731452
1493,1333.0,3740.48971448212
1494,6899.0,1753.2732726591964
1495,27284.0,7263.69248829281
1496,6586.0,744.1996435144684
1497,11290.0,67.84755149479099
1498,18660.0,9763.44980609179
1499,22580.0,2448.3458788588214
1500,30734.0,12618.087505813015
1501,12513.0,7098.982211744666
1502,15681.0,22873.506059311243
1503,19444.0,9481.636031849579
1504,8154.0,1126.8707289290019
1505,44213.0,32807.00026005603
1506,13485.0,11554.772996349184
1507,79902.0,40724.977138036746
1508,2979.0,8219.887210764025
1509,15681.0,18276.531554557085
1510,14113.0,10076.049552087312
1511,23834.0,23579.53283281442
1512,18688.0,8766.626236811611
1513,39493.0,10332.265213041865
1514,17694.0,20472.582744961725
1515,1019.0,6940.648921661791
1516,16894.0,5208.917030003109
1517,18817.0,22912.88175347848
1518,16621.0,13569.240529616738
1519,3763.0,-2462.0606987649817
1520,5802.0,3954.893815190894
1521,19121.0,8714.154132609681
1522,36065.0,38947.47427378927
1523,23239.0,9231.666764033993
1524,21953.0,7316.041305996121
1525,27911.0,29341.238665169505
1526,9879.0,8845.184368972397
1527,12287.0,10042.329811482441
1528,25089.0,16523.197112293605
1529,21492.0,9638.428140621263
1530,9408.0,6050.825322489454
1531,7213.0,6254.823377296895
1532,3136.0,20158.823305964783
1533,23110.0,11568.753890122864
1534,53000.0,36889.63169655147
1535,21395.0,6410.876227885171
1536,3293.0,956.4596588414017
1537,21012.0,11133.001757537408
1538,47042.0,39237.290995528674
1539,26657.0,634.2750494073682
1540,41811.0,28200.151192662193
1541,12074.0,4362.162820695618
1542,26475.0,7749.933038522917
1543,10820.0,12164.039131412335
1544,8154.0,1976.7664312398877
1545,9722.0,6837.093716538069
1546,81539.0,34715.69133820998
1547,26594.0,8438.918757911375
1548,29793.0,9681.476794435966
1549,2038.0,1731.4137354239674
1550,25083.0,5909.316480899369
1551,17844.0,13356.500378664068
1552,15053.0,13112.957623620645
1553,1098.0,5282.214388731256
1554,18189.0,10170.825389326623
1555,1646.0,1215.067820591873
1556,9879.0,9836.23081988922
1557,14821.0,4203.392740342799
1558,61471.0,38798.55002996907
1559,11368.0,7698.451514137725
1560,24123.0,8648.064762710565
1561,15530.0,115.32620610472026
1562,35043.0,14865.27982086982
1563,35005.0,10650.793913085623
1564,50767.0,30695.58158859287
1565,48873.0,35860.756889305
1566,10349.0,6326.560282850926
1567,3607.0,2080.1870704538915
1568,15681.0,16155.4839558196
1569,10349.0,7332.203870259692
1570,9252.0,1209.6484216905953
1571,11917.0,13500.404508037263
1572,8781.0,1202.7034592937873
1573,31675.0,37311.24643611726
1574,13328.0,4204.141699502683
1575,21482.0,1982.6602295314221
1576,5331.0,4974.024794676303
1577,18503.0,12553.500690772213
1578,23364.0,13950.595006990108
1579,11704.0,7289.220170142388
1580,15681.0,12434.553430004511
1581,15649.0,9082.268694962953
1582,8467.0,1370.1451864335543
1583,12231.0,13070.299140880688
1584,18422.0,13712.083279239036
1585,42667.0,21216.57224400374
1586,12074.0,7356.361279147896
1587,24462.0,14002.962286238162
1588,18669.0,12592.568751826724
1589,46101.0,14139.729199004363
1590,20071.0,25028.58746673954
1591,21639.0,12335.79457414362
1592,2038.0,1731.4137354239674
1593,11290.0,39.40219014258713
1594,19444.0,16673.480508882665
1595,9346.0,6634.417562826736
1596,4704.0,2958.112860472301
1597,3293.0,4383.057450205234
1598,80911.0,60336.79580765049
1599,14269.0,11258.344472922916
1600,23521.0,5064.598251847698
1601,25089.0,11963.652087598246
1602,4861.0,2865.555217891755
1603,21953.0,14398.5546044406
1604,15681.0,3207.6413498882366
1605,58338.0,36535.975778764834
1606,6272.0,3361.696868739663
1607,40142.0,10001.01172602334
1608,16308.0,405.55646468181493
1609,34406.0,26910.61607846912
1610,3763.0,1728.082464501472
1611,14113.0,9910.699610932237
1612,8900.0,8943.677926557471
1613,13998.0,15133.618596903349
1614,20385.0,19365.13814731828
1615,27946.0,8937.396124321658
1616,14426.0,11479.339018848848
1617,9722.0,2004.3996186992529
1618,6429.0,2042.0064589591127
1619,28059.0,11247.888409401005
1620,6272.0,1823.3970580959096
1621,8467.0,14200.211058830764
1622,4077.0,2220.4961971539215
1623,17346.0,6732.278764737409
1624,78917.0,56127.40303335578
1625,2430.0,2269.189819157763
1626,14269.0,2930.3541500059173
1627,5802.0,69092.25173445283
1628,14113.0,20842.995053631283
1629,26030.0,17933.51118882678
1630,48873.0,30061.108088806952
1631,1960.0,2534.660855851209
1632,1333.0,3740.48971448212
1633,27284.0,22024.345944909375
1634,14740.0,16953.745538338157
1635,10349.0,5426.135368754993
1636,16621.0,7791.337157336946
1637,27924.0,23982.94591805068
1638,27093.0,15618.786064474642
1639,40070.0,20184.47359145139
1640,9408.0,4620.363122244432
1641,13172.0,6437.133484990072
1642,3607.0,2080.1870704538915
1643,9722.0,10719.023200123935
1644,8781.0,5653.104930415743
1645,13000.0,14396.737614262078
1646,22266.0,25392.1788157243
1647,21940.0,8681.66878133339
1648,18817.0,11660.469212814665
1649,15994.0,-3543.5209285563906
1650,12074.0,5605.8789116389735
1651,15053.0,4918.728992945839
1652,14113.0,19241.122598354974
1653,51746.0,51397.261543743174
1654,25591.0,10786.138821450928
1655,56509.0,58755.793471562356
1656,31581.0,13207.693601881205
1657,34074.0,8670.25151760101
1658,18240.0,11008.4295402137
1659,16778.0,13203.324365925164
1660,23521.0,20460.18013974923
1661,31361.0,5657.997091458785
1662,8000.0,5806.608556236318
1663,17249.0,13096.794818975322
1664,15681.0,13943.656783929837
1665,13808.0,9331.056185174315
1666,23935.0,5791.240020939772
1667,12720.0,6510.630935750692
1668,30734.0,19343.093181229353
1669,25638.0,13735.218203459524
1670,9565.0,6442.745620609803
1671,51373.0,13660.814051894387
1672,11760.0,9853.539255209034
1673,10820.0,6995.791365012834
1674,17923.0,11142.658862692704
1675,35902.0,6376.051019050638
1676,18503.0,13583.522539241865
1677,18500.0,9543.811055315415
1678,35902.0,10698.615331677083
1679,54518.0,37283.37749435185
1680,24239.0,14003.49196601658
1681,34889.0,60890.438791522865
1682,36426.0,31725.800168616606
1683,2038.0,6139.125960827442
1684,35046.0,10181.756835006912
1685,16480.0,3333.4098796126345
1686,36137.0,30134.73822387268
1687,21009.0,6046.9882881394
1688,8154.0,7602.983413840646
1689,20698.0,18578.639987790066
1690,9095.0,12150.354793744225
1691,16621.0,11980.727521553254
1692,20228.0,13368.578765452097
1693,30906.0,20663.931758353385
1694,16621.0,9024.626125833704
1695,10406.0,8439.014278490436
1696,43905.0,1786.9570782462467
1697,40142.0,10001.01172602334
1698,10663.0,12433.317815935457
1699,9722.0,5717.064689368435
1700,17719.0,6440.792336466846
1701,38975.0,14465.367449664134
1702,37580.0,15538.165552728175
1703,19306.0,13027.119179659503
1704,4547.0,161.79935434873406
1705,68223.0,38720.54337523928
1706,14000.0,13011.935554364773
1707,33823.0,23093.301565380087
1708,35124.0,37184.12402305258
1709,9252.0,1552.1458170384387
1710,18531.0,10787.628012965524
1711,14269.0,2930.3541500059173
1712,15063.0,8452.477549532558
1713,1098.0,5282.214388731256
1714,71503.0,28712.54218034961
1715,19121.0,8011.482626744767
1716,17000.0,23128.467284539693
1717,81539.0,34715.69133820998
1718,12231.0,8214.398592329822
1719,9565.0,7683.726539617075
1720,15470.0,3420.0453681774616
1721,18189.0,3681.051131747501
1722,3763.0,10861.494953326748
1723,10349.0,8902.730143225395
1724,15612.0,7114.5386392694345
1725,7056.0,3069.697747679352
1726,19121.0,9331.095985174848
1727,13799.0,7791.386827047926
1728,18531.0,8594.928347638343
1729,27356.0,13137.959010638982
1730,6247.0,4861.000608428764
1731,39458.0,25963.919479301087
1732,51746.0,8075.788281050745
1733,4234.0,2226.749748356957
1734,40983.0,14102.45290873506
1735,7213.0,4094.9175538622876
1736,12570.0,4812.307020973758
1737,48610.0,34445.319315376226
1738,13328.0,6727.804450003135
1739,24775.0,10016.805348833173
1740,23521.0,18016.564687826976
1741,40340.0,20011.484078769365
1742,22197.0,5357.197891179805
1743,96749.0,83161.23926175424
1744,13172.0,9826.83215357446
1745,23138.0,4040.607970342643
1746,13454.0,9845.309258465179
1747,39829.0,21216.92843984896
1748,13962.0,5244.293606906586
1749,11604.0,8818.353833330431
1750,41886.0,12162.590161376258
1751,49798.0,22373.42165291061
1752,8154.0,6429.133991915821
1753,33870.0,13547.756368127582
1754,18826.0,8306.267006370359
1755,27284.0,19244.584917903176
1756,10036.0,1694.427436379731
1757,19456.0,7846.4782254998045
1758,33908.0,13017.126681797228
1759,1333.0,-1094.7797955354463
1760,18503.0,16382.174073487531
1761,14113.0,15014.282964669392
1762,11917.0,16700.81809739497
1763,16308.0,8501.490991155328
1764,36068.0,8900.560818365702
1765,33556.0,40592.10933661706
1766,9722.0,11160.388085978346
1767,30351.0,8522.61780166169
1768,1411.0,1024.1411164316319
1769,19444.0,9481.636031849579
1770,15053.0,27591.18087267607
1771,2901.0,1845.1822462150205
1772,51746.0,15093.555658634492
1773,5488.0,4562.508186675673
1774,23521.0,17043.38157706
1775,15800.0,4630.412325905702
1776,1568.0,565.0464597108141
1777,39085.0,14920.20085404946
1778,5331.0,2648.252660269487
1779,8947.0,8590.242305202977
1780,82166.0,53792.72828695227
1781,8781.0,5653.104930415743
1782,6743.0,6665.690007027826
1783,10192.0,5564.06278160913
1784,2822.0,2212.7950125577545
1785,54255.0,36820.07906855911
1786,47042.0,27080.806031471817
1787,7683.0,1701.1781622516824
1788,10976.0,16654.710190102855
1789,27356.0,9846.612363323566
1790,16891.0,12603.144269756749
1791,53759.0,13445.34868221169
1792,15994.0,-3543.5209285563906
1793,32929.0,33484.757030775676
1794,34889.0,26690.546363608046
1795,16151.0,12593.44690086152
1796,11290.0,89.03183506198667
1797,15257.0,7880.72602037685
1798,20005.0,8626.370580083989
1799,20698.0,10915.339629143033
1800,34497.0,3339.3071321178268
1801,33538.0,31095.13617303631
1802,56136.0,20889.64157332975
1803,38822.0,36223.570623348984
1804,34419.0,17289.235430236302
1805,7683.0,1539.7535709099695
1806,5488.0,4562.508186675673
1807,23207.0,16637.13881718457
1808,36567.0,12001.237058652448
1809,11604.0,8305.853894057427
1810,15053.0,1598.0757466137864
1811,21395.0,10090.469674767424
1812,53031.0,26944.539814174666
1813,50178.0,58914.352343279024
1814,37580.0,22080.01569176698
1815,15132.0,5442.574720309244
1816,12388.0,5560.566963685171
1817,14113.0,8172.876537949475
1818,21805.0,7951.434623164136
1819,22825.0,5364.485059000037
1820,9095.0,8757.407715957488
1821,9565.0,7872.9392980881485
1822,41387.0,11145.397413864972
1823,10381.0,3282.469592318921
1824,5018.0,28372.82057966971
1825,11917.0,6257.575414925542
1826,11604.0,983.876651940747
1827,8311.0,706.580540321283
1828,29793.0,15463.05420278071
1829,18826.0,8243.522380840768
1830,27598.0,16632.506317060186
1831,25365.0,12478.542237496706
1832,14740.0,11386.578671565463
1833,13172.0,613.493274613581
1834,1882.0,868.6864568174233
1835,28225.0,21585.17131098375
1836,4547.0,218.88566305168683
1837,1333.0,831.8086849392446
1838,35570.0,18283.73379328079
1839,13172.0,4396.981909037664
1840,19416.0,6383.082664859246
1841,15367.0,8815.905172682415
1842,16308.0,8338.561046463039
1843,30038.0,15856.300530612625
1844,9565.0,7683.726539617075
1845,18817.0,16917.65610111196
1846,18817.0,13926.794881431762
1847,7683.0,638.0606047495481
1848,26594.0,5760.227494447444
1849,57842.0,53689.57716609234
1850,18208.0,9253.005033785943
1851,10036.0,895.7757233293937
1852,14113.0,17540.980981750312
1853,2038.0,734.094499595765
1854,14740.0,10294.076686014847
1855,10349.0,5628.528044873137
1856,9565.0,7683.726539617075
1857,6611.0,6489.392116141777
1858,36065.0,34710.6323874735
1859,96071.0,54560.20742883284
1860,15681.0,10995.153191216123
1861,9565.0,2823.0409320499466
1862,10663.0,722.529648968251
1863,14740.0,21372.301182576408
1864,8311.0,1714.4674866661235
1865,4861.0,468.9364779354762
1866,16935.0,11769.08918559525
1867,61154.0,16585.816866423134
1868,12231.0,12672.073390366826
1869,25089.0,8774.003986491487
1870,14583.0,4415.387826275154
1871,18531.0,7923.022559288644
1872,7213.0,8359.78113156469
1873,24709.0,6991.117605172074
1874,25889.0,10426.45960211541
1875,1333.0,2828.7205388492885
1876,25089.0,28630.901676707035
1877,5488.0,15917.085519475604
1878,12544.0,7572.550355009039
1879,32412.0,9298.704255893454
1880,1019.0,1784.314115053763
1881,6269.0,1071.4003362690778
1882,1176.0,5519.686615599106
1883,5645.0,660.4574102718643
1884,16327.0,7510.28283538035
1885,13485.0,8529.478406363058
1886,10958.0,6714.895992396522
1887,32929.0,34916.34490872489
1888,15624.0,9181.44893625797
1889,2117.0,2568.7042427922024
1890,10506.0,6419.765698945425
1891,6899.0,1753.2732726591964
1892,14113.0,12120.695835348866
1893,10036.0,5404.4782274332465
1894,19121.0,9331.095985174848
1895,11917.0,13175.597481895873
1896,28225.0,15624.817937097214
1897,1882.0,1962.8134063773734
1898,23521.0,22148.528074394777
1899,3607.0,-288.38713529385075
1900,23408.0,6951.393921833898
1901,17249.0,11271.181827058776
1902,20698.0,15555.300655242805
1903,13956.0,10210.398643476718
1904,20266.0,10520.249774294654
1905,11299.0,5521.380637784847
1906,12544.0,2717.9079446301503
1907,20250.0,12814.686171683425
1908,23994.0,5994.4868271206005
1909,8097.0,1239.918184846512
1910,45734.0,24769.76091170382
1911,26971.0,3901.2193529967553
1912,73620.0,45504.582887971344
1913,3450.0,3850.902836657241
1914,12544.0,9998.08603330507
1915,26425.0,11762.170467440177
1916,2274.0,1427.0003064117698
1917,15681.0,6460.790216377352
1918,44134.0,30889.501653101735
1919,19914.0,405.55646468181493
1920,1098.0,1971.505323841114
1921,1490.0,1326.5912305129475
1922,9346.0,3218.9531122310245
1923,4704.0,4641.133798924338
1924,8781.0,2112.634476483736
1925,31248.0,20111.65486411991
1926,33556.0,16050.86750419757
1927,12544.0,6678.259763378954
1928,1254.0,22121.389689575473
1929,3763.0,5665.222076699432
1930,7056.0,3881.7632468423835
1931,26475.0,10404.396071025418
1932,18817.0,15740.821126031853
1933,20005.0,10540.876232298438
1934,83251.0,44591.92417611629
1935,12256.0,4414.899551701667
1936,50184.0,11912.037835855088
1937,23521.0,32178.57186551166
1938,13328.0,4204.141699502683
1939,26096.0,10999.113621033946
1940,17249.0,9970.758363096531
1941,1019.0,32730.368694628338
1942,37320.0,31081.904060259058
1943,4547.0,218.88566305168683
1944,14426.0,14267.098007432745
1945,19444.0,20186.443920365815
1946,24198.0,7871.574788814653
1947,40983.0,12034.564986718347
1948,1019.0,762.6794128951155
1949,1019.0,762.6794128951155
1950,11290.0,7251.367010511536
1951,30906.0,13532.787616530251
1952,12858.0,24859.729811327517
1953,8154.0,1654.1046415909657
1954,22266.0,15058.217757413186
1955,16289.0,4191.656846402807
1956,15994.0,15035.171020223732
1957,53154.0,20094.519956060933
1958,5802.0,4841.502945399742
1959,6523.0,6011.343729385165
1960,37897.0,13177.779364263084
1961,18000.0,1920.1480657886325
1962,4861.0,4503.32383953616
1963,21169.0,13883.236831852257
1964,26343.0,22418.617426491113
1965,83107.0,50172.76852184501
1966,33908.0,13687.59863260293
1967,9252.0,1625.026341671705
1968,49889.0,21087.730730802465
1969,10349.0,11713.37914921885
1970,69935.0,19182.436298522865
1971,13877.0,7043.29875188077
1972,28830.0,11566.443396356439
1973,23678.0,14573.486657789455
1974,22545.0,10652.113167893729
1975,47042.0,39237.290995528674
1976,24932.0,6470.691484707263
1977,31913.0,16303.407278470206
1978,11133.0,10915.399939297518
1979,1882.0,1854.2421810715975
1980,39559.0,21402.239003410876
1981,74796.0,54610.15136480552
1982,11604.0,5378.742177922903
1983,34635.0,59430.675047648874
1984,16308.0,11504.401315138732
1985,2979.0,539.7792105037216
1986,13172.0,635.4632061946845
1987,15681.0,11012.435250911949
1988,1254.0,3902.4582710075456
1989,15681.0,12624.134642859748
1990,36065.0,6352.986725499682
1991,44247.0,12438.172389396716
1992,39829.0,21216.92843984896
1993,26657.0,2071.253391027587
1994,10672.0,11411.158205308151
1995,1803.0,1372.6255004906602
1996,18500.0,5344.310040797276
1997,1568.0,1816.0293752907517
1998,18124.0,7931.348234104975
1999,14740.0,9549.034021831645
2000,25669.0,10570.06676709187
2001,51746.0,11778.933915094125
2002,12388.0,4672.276807521415
2003,13000.0,8825.698480790377
2004,18503.0,10690.671092864442
2005,21326.0,11887.228537348485
2006,52106.0,29856.21449791425
2007,15053.0,28424.531707926264
2008,1568.0,1526.1271826432696
2009,42987.0,44502.67802610975
2010,43868.0,31924.385419110306
2011,4391.0,1965.7865138588154
2012,10349.0,12289.077357105696
2013,17249.0,14629.093377127145
2014,14113.0,11786.084003589913
2015,28532.0,12713.106674040002
2016,26149.0,12607.363426703207
2017,35140.0,11399.609420497654
2018,32910.0,8600.827153286782
2019,1725.0,1154.1443420707794
2020,33707.0,12173.04221776149
2021,9252.0,11148.702436972788
2022,3450.0,3850.902836657241
2023,16621.0,18952.659679314518
2024,27654.0,14163.847489805696
2025,2117.0,2192.442340361101
2026,30734.0,12618.087505813015
2027,13172.0,11671.71216844181
2028,12541.0,11579.885863601747
2029,12140.0,7338.785280330681
2030,1882.0,1778.173240646812
2031,15681.0,14828.20739387883
2032,15681.0,17164.20725110041
2033,39559.0,16056.881501069838
2034,32302.0,19978.58112312933
2035,17562.0,14476.468916645632
2036,2979.0,2327.634612525985
2037,5018.0,69.882750537324
2038,34811.0,33051.05967305264
2039,14740.0,11769.236301040684
2040,12544.0,8028.099718070996
2041,19707.0,3239.8364054622625
2042,17540.0,6238.985342595143
2043,1646.0,1596.6864348160168
2044,12231.0,7285.9500436658645
2045,29087.0,7624.852890881676
2046,4704.0,4523.418849758608
2047,1960.0,1671.7548223461242
2048,10349.0,5889.286230326524
2049,12720.0,5646.866348439343
2050,45210.0,36538.91432840306
2051,2430.0,2369.3440137550024
2052,6272.0,10362.465504571752
2053,16621.0,5939.768264535344
2054,3293.0,2961.845697017151
2055,8624.0,5142.39812195371
2056,1019.0,-1121.9933683645345
2057,15681.0,14930.270028063025
2058,9565.0,-3665.869759770565
2059,35908.0,22692.004286748273
2060,25716.0,24645.21777688027
2061,10976.0,16889.48006575545
2062,25591.0,12237.419386686644
2063,22947.0,8189.157254014318
2064,1176.0,296.6813637243092
2065,20071.0,31658.76930482488
2066,1568.0,1526.1271826432696
2067,18189.0,10612.040057465365
2068,18117.0,12165.647726633033
2069,9252.0,1022.7154503054846
2070,22357.0,6530.4181797961255
2071,11604.0,9394.974392792643
2072,1490.0,8773.039053395025
2073,17876.0,14682.909315708914
2074,16283.0,7153.00579825573
2075,9879.0,11774.13741832762
2076,37229.0,7931.970939104779
2077,7000.0,5194.93906541569
2078,16935.0,24525.095596879208
2079,5018.0,4169.732667647733
2080,124989.0,65479.61830001439
2081,18346.0,17411.012187940985
2082,31988.0,19751.002826339285
2083,41886.0,12162.590161376258
2084,1019.0,1583.9201901884692
2085,28241.0,10338.326997501283
2086,32615.0,43103.617678196104
2087,26475.0,10874.512138373235
2088,1490.0,-2834.0429665207166
2089,1568.0,153.5254120622919
2090,39515.0,34334.24469624264
2091,16778.0,17235.799018947317
2092,4924.0,3716.296380633371
2093,15524.0,8434.733900789812
2094,2666.0,747.7265180410625
2095,8467.0,1332.3157797829426
2096,19130.0,13723.01384438101
2097,16123.0,6532.290818367545
2098,3920.0,1387.2521477071612
2099,2195.0,10283.062622997979
2100,10349.0,9636.713427897754
2101,19130.0,13723.01384438101
2102,5018.0,3850.902836657241
2103,18189.0,11485.863752702102
2104,28909.0,6452.808350341625
2105,15524.0,15923.040802104033
2106,44166.0,25688.934543262818
2107,5018.0,20320.534353869396
2108,12777.0,2729.4572023187575
2109,14113.0,7705.101097681932
2110,10349.0,7473.397404122473
2111,11604.0,1795.6116574547261
2112,6272.0,-3988.6827669267695
2113,41720.0,18884.80119340553
2114,42692.0,15546.121492123742
2115,17876.0,14155.792096466681
2116,28382.0,18900.100449549056
2117,13172.0,3943.7933597096144
2118,17249.0,7286.047008334148
2119,25089.0,24953.64106042758
2120,6429.0,4485.554423414148
2121,14069.0,5719.748328934326
2122,21031.0,10818.10981061859
2123,25402.0,26769.050964339596
2124,1960.0,4838.132952284229
2125,14426.0,22824.09812896719
2126,18817.0,20300.80814419242
2127,17092.0,15214.104754840931
2128,31581.0,13207.693601881205
2129,24302.0,12963.742084801366
2130,21000.0,57141.366913439466
2131,13485.0,5891.033754818411
2132,16151.0,15043.586776378403
2133,17876.0,12625.827480067011
2134,25889.0,17739.226889113776
2135,6899.0,5675.248618753355
2136,21012.0,14570.791472774772
2137,20526.0,3587.226257151202
2138,2509.0,2013.3119466019305
2139,24283.0,5001.530629349441
2140,33076.0,25979.623765343775
